0,generating my event 0,2017-03-02 14:04:07 970
1,generating my event 1,2017-03-02 14:04:08 502
2,generating my event 2,2017-03-02 14:04:09 035
3,generating my event 3,2017-03-02 14:04:09 567
4,generating my event 4,2017-03-02 14:04:10 099
5,generating my event 5,2017-03-02 14:04:10 631
6,generating my event 6,2017-03-02 14:04:11 163
7,generating my event 7,2017-03-02 14:04:11 695
8,generating my event 8,2017-03-02 14:04:12 227
9,generating my event 9,2017-03-02 14:04:12 759
10,generating my event 10,2017-03-02 14:04:13 291